githubId,githubUsername,email
137,josh,
714,lilyball,
1181,mjm,
2588,scvalex,
3248,zimbatm,
3416,thoughtpolice,
4458,ivan,
4710,ianmjones,
4804,ryantm,
5526,marcusramberg,
5636,purcell,
8073,fare,
8460,jwiegley,
8706,ereslibre,
9315,azuwis,
11135,bdd,
12160,kirillrdy,
12923,astro,
14830,Ramblurr,
16507,afh,
16779,rickynils,
19036,matthewbauer,
20208,garbas,
20434,mkaito,
24027,bbigras,
25278,otavio,
26471,andersk,
28323,peti,
29044,tfc,
32152,lblasc,
33922,flurie,
37715,puffnfresh,
37907,blitz,
41977,joachifm,
42201,prusnak,
43863,philiptaron,
44656,samueltardieu,
49227,addict3d,
49398,danieldk,
50854,edef1c,
54799,edwtjo,
54934,wmertens,
55833,athas,
57199,dwt,
58951,NobbZ,
59060,baloo,
60148,wamserma,
60272,iedame,
61303,tomfitzhenry,
61612,msgilligan,
63286,adisbladis,
63433,talyz,
64804,cdepillabout,
65043,jamesward,
65531,marsam,
68368,qbit,
68708,Necoro,
71795,paperdigits,
75213,ivankovnatsky,
75371,stigtsp,
76716,grahamc,
81654,gdamjan,
83842,pSub,
87115,kalbasit,
89950,stephank,
90200,booxter,
91113,davidak,
94313,iynaix,
95471,smaret,
96200,Mic92,
97746,das-g,
97820,bouk,
101514,orivej,
101753,phaer,
101816,asymmetric,
104795,mmahut,
107720,motiejus,
109141,madjar,
110625,zakame,
114159,fpletz,
115218,makefu,
116184,fabaff,
121178,raphaelr,
123550,andresilva,
124475,liff,
124545,acowley,
126339,domenkozar,
131599,mweinelt,
131856,raboof,
131929,nim65s,
132835,samueldr,
133602,bjornfor,
134872,Frostman,
135230,aycanirican,
137852,hraban,
140542,wentasah,
140937,hzeller,
140964,pbsds,
141248,r-vdp,
147256,mjoerg,
148037,nomeata,
153175,amarshall,
153538,avnik,
156239,DeeUnderscore,
160084,DanielSidhion,
160894,CyberShadow,
164148,bcdarwin,
164197,techknowlogick,
168301,l0b0,
170263,biodranik,
173595,alerque,
178444,tomberek,
183879,flokli,
186660,hellwolf,
188063,viraptor,
191825,miniBill,
192147,aszlig,
196982,bmillwood,
202798,delroth,
207369,jfroche,
208010,tpwrules,
214787,bendlas,
217543,DamienCassou,
219362,srhb,
220084,anthonyroussel,
221929,jbgi,
226650,trofi,
226872,samuela,
230613,Munksgaard,
238528,smancill,
244239,collares,
245435,caarlos0,
245573,veprbl,
246745,lukegb,
248016,rapenne-s,
248143,misuzu,
252042,drupol,
254443,mrene,
255667,returntoreality,
264788,somasis,
273582,greg-hellings,
277474,jfly,
277927,dylanmtaylor,
280235,terlar,
285829,stv0g,
292650,cpu,
298109,lilyinstarlight,
303489,turion,
303897,fabianhjr,
304639,flexiondotorg,
310393,Stebalien,
311580,zupo,
313929,gebner,
314564,RaitoBezarius,
321946,alapshin,
323761,tlvince,
327028,colemickens,
327488,jojosch,
329349,mexisme,
332418,Trundle,
333807,bachp,
341954,lheckemann,
348013,zendo,
354741,austinbutler,
364160,YellowOnion,
367259,kalekseev,
369111,numinit,
372912,jbedo,
381298,9R,
382041,kira-bruneau,
386765,K900,
391919,oxij,
398575,danc86,
399312,dywedir,
399535,nh2,
404665,hoh,
411447,Ekleog,
412749,vog,
417981,cpcloud,
427866,matthiasbeyer,
428074,YorikSar,
438648,pwaller,
448169,B4dM4n,
450276,NickHu,
461970,etu,
464625,kiike,
471059,panchoh,
476346,imincik,
477742,davidnuon,
487050,shlevy,
493438,gileri,
494012,kevincox,
496447,roberth,
498465,gaelreyrol,
498906,carlossless,
506953,ruuda,
526260,scottstephens,
542154,lorenzleutgeb,
543423,centromere,
546681,Kiskae,
547031,jherland,
561087,toastal,
563054,ttuegel,
569510,henrik-ch,
587021,andrevmatos,
590517,niklaskorz,
591567,markus1189,
605070,fzakaria,
610962,aforemny,
617130,skeuchel,
621759,Lassulus,
628342,NeQuissimus,
628359,felixsinger,
628387,arianvp,
632767,layus,
635591,mightyiam,
638836,andir,
647076,yorickvP,
647437,gabyx,
660911,jonhermansen,
662538,beardhatcode,
662666,justinas,
668505,jnsgruk,
679122,nagisa,
688044,sikmir,
692274,nagy,
695473,saschagrunert,
703631,beeb,
705123,jtojnar,
708570,mmlb,
714931,azban,
722550,peterhoeg,
724339,lsix,
724433,Detegr,
737767,LeSuisse,
754333,sephii,
757752,onny,
771193,urbas,
772914,illdefined,
782440,LunNova,
798147,rycee,
806876,aaronjheng,
807447,risicle,
821688,tebriel,
826368,mikatammi,
832719,chpatrick,
844343,thiagokokada,
848000,eclairevoyant,
852504,lasers,
854319,jerith666,
857308,expipiplus1,
858790,tobim,
867424,sdht0,
870673,taku0,
886074,teto,
893884,nadiaholmquist,
894884,kubukoz,
903072,RaghavSood,
914687,apraga,
918365,SFrijters,
918989,phlip9,
920155,starius,
934284,Emantor,
938744,jchv,
946459,wishstudio,
963511,Majiir,
964708,megfault,
973709,yajo,
990767,D4ndellion,
998763,johanot,
1015816,jlbribeiro,
1019641,rvl,
1044263,brianmcgillion,
1055245,Ericson2314,
1058504,jlesquembre,
1078000,alejandrosame,
1084748,uvNikita,
1104419,lucc,
1108325,Zimmi48,
1141462,agilesteel,
1148549,edolstra,
1149048,florentc,
1153271,svanderburg,
1155030,9ary,
1155801,nicoonoclaste,
1173648,brianmcgee,
1178864,dguibert,
1180335,kachick,
1200507,minijackson,
1215331,mattmelling,
1217680,aacebedo,
1217934,romildo,
1219785,picnoir,
1220572,ctheune,
1221984,999eagle,
1226638,artemist,
1229027,ajs124,
1234956,n8henrie,
1239929,Radvendii,
1252547,jokogr,
1254842,Erethon,
1269177,josephst,
1288216,JojOatXGME,
1297598,sugar700,
1313787,Gabriella439,
1315818,Stunkymonkey,
1327662,britter,
1334592,shymega,
1336537,tbutter,
1342360,anoadragon453,
1358764,JamieMagee,
1365692,ElvishJerricco,
1366419,rasendubi,
1368952,PedroHLC,
1397507,me-and,
1401179,herberteuler,
1432730,benley,
1436960,hrdinka,
1446633,staticdev,
1447245,globin,
1449319,pacien,
1471395,robryk,
1486805,toonn,
1523104,lucperkins,
1529052,jvanbruegge,
1544760,dritter,
1553464,noamraph,
1557253,zebreus,
1570964,rhendric,
1575834,michaeladler,
1576598,autra,
1595907,carlthome,
1607770,ulrikstrid,
1613675,ARizzo35,
1633361,firefly-cpp,
1634990,thomasjm,
1638690,ipetkov,
1643293,lukateras,
1651325,maralorn,
1682954,fliiiix,
1694986,ofalvai,
1707779,crertel,
1719781,pinpox,
1729331,martinetd,
1729497,kouyk,
1731537,shelvacu,
1753388,jcaesar,
1771332,vlaci,
1778670,khaneliman,
1780588,malt3,
1785925,vcunat,
1792886,JulienMalka,
1798101,pbek,
1843197,jackwilsdon,
1844746,AndrewKvalheim,
1866448,yurrriq,
1883533,gador,
1891350,7c6f434c,
1903556,hmenke,
1962985,xworld21,
2023546,willbush,
2041764,gonsolo,
2071575,adamcstephens,
2071583,bhipple,
2072185,mpscholten,
2075353,mattpolzin,
2101211,DaGenix,
2129135,FRidh,
2130305,turboMaCk,
2147649,euank,
2151333,piotrkwiecinski,
2157287,Sohalt,
2162021,rhysmdnz,
2171995,thillux,
2179419,jagajaga,
2189609,zhaofengli,
2255192,wahjava,
2287221,Nebucatnetzer,
2306085,wfdewith,
2309868,luochen1990,
2310568,Julow,
2313201,aidalgol,
2318843,aciceri,
2321672,MakiseKurisu,
2335822,alexfmpe,
2374245,donovanglover,
2379774,buckley310,
2412121,matshch,
2487922,Lucus16,
2489598,fleaz,
2498805,rhelmot,
2526260,urandom2,
2536303,elohmeier,
2545850,zeuner,
2548365,abathur,
2564003,deejayem,
2570854,jacg,
2588851,jansol,
2597803,MMesch,
2612464,vbgl,
2663216,erdnaxe,
2730968,Princemachiavelli,
2757302,h0nIg,
2768870,alyssais,
2817565,rnhmjoj,
2818072,dramforever,
2914269,malob,
2947276,leiserfg,
2998834,b-rodrigues,
3044438,m1cr0man,
3059397,KiaraGrouwstra,
3065381,wlcx,
3077118,corngood,
3086255,chiroptical,
3129194,EpicEric,
3139724,matteo-pacini,
3153638,Profpatsch,
3154475,sternenseemann,
3159881,hesiod,
3192959,bennofs,
3314323,felschr,
3343403,simonhollingshead,
3359345,obadz,
3395477,Patryk27,
3400690,hughobrien,
3413119,Vonfry,
3417013,4ever2,
3425311,nlewo,
3471749,avdv,
3494992,nazarewk,
3512122,theCapypara,
3579600,majiru,
3598562,alex-ameen,
3598650,Scriptkiddi,
3661115,iblech,
3714501,olafklingt,
3799330,timokau,
3802620,j0hax,
3806110,tjni,
3811900,Cynerd,
3856390,mschwaig,
3880346,ConnorBaker,
3913977,Mrmaxmeier,
3948275,illustris,
3955369,alemonmk,
3987560,dblsaiko,
3996019,savyajha,
4029937,Steinhagen,
4056630,pks-t,
4065244,nbdd0121,
4218822,djds,
4238928,liberodark,
4313548,bengsparks,
4323933,ncfavier,
4325700,kjeremy,
4347318,DaVinci42,
4423262,vs49688,
4532582,Naxdy,
4555064,guylamar2006,
4732807,atemp,
4779365,VuiMuich,
4839878,polyfloyd,
4884946,ahoneybun,
4923335,aqrln,
4929861,mfrw,
4951663,devusb,
4971975,dasJ,
5046562,MattSturgeon,
5104601,schnusch,
5121426,xzfc,
5185341,willcohen,
5190539,hadilq,
5228892,lorenz,
5307138,JohnAZoidberg,
5317234,happysalada,
5376043,rafaelrc7,
5481629,x123,
5579359,Jayman2000,
5623227,traxys,
5624721,lopsided98,
5663576,tejing1,
5672538,al3xtjames,
5682183,s1341,
5727578,Misterio77,
5737016,phip1611,
5778879,xddxdd,
5802758,jtrees,
5837359,vifino,
5861043,superherointj,
5892127,GGG-KILLER,
5920602,Niols,
5932424,michaelgrahamevans,
5932804,bryanhonof,
5954806,AndersonTorres,
5968483,autrimpo,
6006498,PlasmaPower,
6025220,Ma27,
6047658,rhoriguchi,
6127678,jiegec,
6145260,benaryorg,
6162814,wrmilling,
6215916,haansn08,
6224096,shyim,
6235312,CertainLach,
6264882,timhae,
6295090,Myaats,
6298052,xanderio,
6315338,peterbecich,
6325757,pinage404,
6362238,StarGate01,
6375609,bobvanderlinden,
6453661,cab404,
6499211,Flakebi,
6530104,yannham,
6578603,guitargeek,
6599296,fricklerhandwerk,
6651822,Gskartwii,
6652840,lf-,
6771175,peat-psuwit,
6806011,dotlambda,
6937725,AiyionPrime,
7000918,petrzjunior,
7003738,CobaltCause,
7040031,ysndr,
7043297,djacu,
7051056,PhiliPdB,
7051978,sweenu,
7091399,Smona,
7226587,thufschmitt,
7243783,lovesegfault,
7258858,SuperSandro2000,
7261570,mfrischknecht,
7294692,daniel-fahey,
7301807,szlend,
7343721,midchildan,
7389000,DominicWrege,
7413633,reckenrode,
7432848,esclear,
7442383,thilobillerbeck,
7444430,ViZiD,
7467891,diogotcorreia,
7537109,primeos,
7571069,christoph-heiss,
7572407,sandydoo,
7645711,magnetophon,
7646859,brenoguim,
7670450,fedeinthemix,
7677321,nyanloutre,
7693005,JarvisCraft,
7698349,nevivurn,
7735145,mkg20001,
7752934,kurogeek,
7755101,aanderse,
7833358,rrbutani,
7845120,newAM,
8111351,xiaoxiangmoe,
8117202,jpetrucciani,
8162992,haylinmoore,
8173116,eeedean,
8182846,fgaz,
8219659,siraben,
8224569,Kupac,
8246041,samestep,
8320393,MaxHearnden,
8378365,WolfangAukang,
8402811,oxzi,
8614547,Alizter,
8639179,JesusMtnez,
8753998,nicolas-goudry,
8762511,mdaniels5757,
8763518,SkamDart,
8790386,DimitarNestorov,
8869894,pineapplehunter,
8884632,gaelj,
9124288,magneticflux-,
9132420,wolfgangwalther,
9157412,melvyn2,
9433472,keysmashes,
9590981,chayleaf,
9675338,0x4A6F,
9713184,wegank,
9713907,dawidd6,
9720532,SomeoneSerge,
9742635,iFreilicht,
9789467,andrewzah,
9799623,Mindavi,
9853194,tnias,
9866621,06kellyjac,
10039785,jsoo1,
10075099,bratfizyk,
10094408,8bitbuddhist,
10145351,Vinetos,
10206665,teutat3s,
10246891,zmitchell,
10290409,JacoMalan1,
10344742,ethanabrooks,
10352507,kmein,
10400299,arjan-s,
10437171,soywod,
10492681,Enzime,
10496191,sifmelcara,
10554636,linuxmobile,
10835147,Zaczero,
10998835,doronbehar,
11006031,leona-ya,
11022302,silvanshade,
11077553,Garmelon,
11145016,con-f-use,
11155300,lafrenierejm,
11199213,f2k1de,
11229748,linyinfeng,
11277967,sarahec,
11352905,FriedrichAltheide,
11532355,erictapen,
11572618,mdarocha,
11579989,NaN-git,
11587657,Scrumplex,
11619234,taranarmo,
12080502,auscyber,
12128106,marcin-serwin,
12239057,Shawn8901,
12277070,lucia3e8,
12465195,ambroisie,
12560461,FliegendeWurst,
12595971,symphorien,
12615679,Br1ght0ne,
12714892,scraptux,
12761234,idabzo,
12815411,detroyejr,
12857160,mrcjkb,
12858105,fetsorn,
12882091,SamLukeYes,
12984845,SubhrajyotiSen,
13033392,konradmalik,
13267947,emilytrau,
13348378,msfjarvis,
13383409,JuliusFreudenberger,
13426784,arcnmx,
13485450,emmanuelrosa,
13490857,Lyndeno,
13498603,limwa,
13547699,lunik1,
13564723,adekoder,
13599169,marijanp,
13689192,McSinyx,
13730968,DieracDelta,
13762043,soopyc,
13910387,MysteryBlokHed,
14034137,dit7ya,
14054505,piegamesde,
14182218,rvem,
14261606,wrbbz,
14264576,twesterhout,
14309773,aduh95,
14351657,kilyanni,
14792994,tie,
14806293,robsliwi,
14816024,oxalica,
14882117,tetov,
14929991,h7x4,
15069839,veehaitch,
15121114,herbetom,
15217907,Luflosi,
15233006,Conni2461,
15247171,NickCao,
15304894,NetaliDev,
15312184,9999years,
15369874,amesgen,
15657735,bbjubjub2494,
15693688,lucasew,
15697697,Uthar,
15833376,proux01,
15855440,kashw2,
15964984,codgician,
15967073,mbalatsko,
16027994,nviets,
16036882,tricktron,
16151097,tu-maurice,
16472988,redianthus,
16693043,developer-guy,
16734772,sumnerevans,
16820960,timschumi,
16844216,sheepforce,
17154507,applePrincess,
17243347,SebTM,
17302493,alejo7797,
17351844,friedow,
17461028,bddvlpr,
17829319,ilya-fedin,
18014039,GeopJr,
18248986,fxzzi,
18294397,RossSmyth,
18423154,seanybaggins,
18430320,chewblacka,
18437312,yukiisbored,
18467667,balsoft,
18535642,emilazy,
18599032,Atemu,
18734648,teatwig,
19399197,jwillikers,
19669567,jemand771,
19699320,RossComputerGuy,
19894025,vinnymeller,
20080233,bobby285271,
20145996,vlinkz,
20342389,pancaek,
20400405,wucke13,
20411956,stephen-huan,
20464732,WilliButz,
20525370,infinisil,
20619776,moni-dz,
20698483,XYenon,
20760920,huantianad,
20849728,hacker1024,
20866468,poperigby,
21087104,Laurent2916,
21159584,tmuehlbacher,
21160136,ju1m,
21236836,eliandoran,
21343557,ninelore,
21362942,fugidev,
21687187,arunoruto,
22075344,L-as,
22211000,azahi,
22267679,ryand56,
22363274,ryan4yin,
22406910,pluiedev,
22500027,usertam,
22586596,marius851000,
22727114,Infinidoge,
22795263,thunze,
22803888,wineee,
23038812,siriobalmelli,
23130178,ShadowRZ,
23151917,nadir-ishiguro,
23421201,soyouzpanda,
23431373,OPNA2608,
23468812,DCsunset,
23645788,shivaraj-bh,
23723294,Cryolitia,
24192522,MithicSpirit,
24368475,axodentally,
24417923,c0bw3b,
24505474,wamirez,
24593008,FKouhai,
24614168,Tungsten842,
24735185,mahmoudk1000,
24750154,matdibu,
24828012,escherlies,
24882790,stuebinm,
24977596,6543,
24990385,nicomem,
25060097,Daholli,
25083790,natsukium,
25088352,ck3d,
25104390,Notarin,
25235514,Prince213,
25263210,ckiee,
25955146,eyJhb,
25993494,nessdoor,
26026535,provokateurin,
26125115,frederictobiasc,
26196187,UlyssesZh,
26205306,JuneStepp,
26322692,bryango,
26379999,averyvigolo,
26391003,amadejkastelic,
26458780,MatthewCroughan,
26470037,markuskowa,
26650391,Tom-Hubrecht,
26695166,Mynacol,
26793632,kip93,
26877687,Izorkin,
26902865,tm-drtina,
26925347,felbinger,
26931381,jeafleohj,
27058689,itepastra,
27223336,antonmosich,
27620522,MidAutumnMoon,
28582702,cole-h,
28595242,DataHearth,
28738918,daspk04,
29158971,jpds,
29217594,leungbk,
29400525,zmberber,
29505620,wackbyte,
29592775,Et7f3,
29627898,phanirithvij,
29718261,amaanq,
29818440,gepbird,
29845794,Anomalocaridid,
30168080,jleightcap,
30512529,evils,
30531572,sarcasticadmin,
30577766,Samasaur1,
30774232,ccicnce113424,
30806179,Skyb0rg007,
30902201,legendofmiracles,
31008330,jfvillablanca,
31189199,TheMaxMur,
31200881,chuangzhu,
31388299,lelgenio,
31597036,ghpzin,
31693262,leifhelm,
31909298,Frontear,
31919558,oddlama,
32458727,maxbrunet,
32938211,bbenno,
33058747,GaetanLepage,
33242106,uri-canva,
33826198,phiadaarr,
34152449,ravenjoad,
34766150,datafoo,
34819524,MarcelCoding,
34864484,MikaelFangel,
34899572,jopejoe1,
34962634,foo-dogsquared,
35262707,js6pak,
35628088,oluceps,
35755164,l1npengtul,
35778371,pyrox0,
35880825,coolcuber,
35892750,amaxine,
36110478,erikarvstedt,
36407043,siddhantk232,
36605164,alois31,
36706276,fufexan,
36890802,hexadecimalDinosaur,
36899624,squalus,
36977733,linsui,
37040543,amozeo,
37078297,NyCodeGHG,
37139470,CathalMullan,
37268985,keenanweaver,
37933096,r-ryantm,
37938646,sodiboo,
38916722,ppom0,
39011842,toast003,
39096810,equirosa,
39650930,totoroot,
40234257,ilkecan,
40492846,lzcunt,
40620903,figsoda,
40663462,SuperSamus,
40720523,MangoIV,
40729975,ungeskriptet,
40775676,mkenigs,
40807862,orivej-nixos,
41077433,maevii,
41301536,kuflierl,
41305372,yechielw,
41458459,yzx9,
41522204,hexchen,
41731334,qweered,
41747605,Defelo,
41838844,Yarny0,
41924494,IvarWithoutBones,
42114389,JerrySM64,
42143810,StarryReverie,
42151227,Chaostheorie,
42209822,Aleksanaa,
42220376,chvp,
42246742,DavHau,
42411160,dyegoaurelio,
42416805,hatch01,
42770726,wrvsrx,
42888162,networkException,
43136984,Svenum,
43275254,laalsaas,
43315617,nilathedragon,
43472218,GetPsyched,
43488453,momeemt,
43530291,LuckShiba,
43807659,Liamolucko,
44064051,ShamrockLee,
44145468,refroni,
44255157,LudovicoPiero,
44377258,HeitorAugustoLN,
44400303,thefossguy,
44636701,MayNiklas,
44725111,surfaceflinger,
44840644,Feyorsh,
44864956,KAction,
45041772,cything,
45274424,cottand,
45740526,jmbaur,
45835846,Pandapip1,
46138807,Lord-Valen,
46193371,hellodword,
46294732,SharzyL,
46464602,3JlOy-PYCCKUi,
46527539,LostAttractor,
46590321,xrelkd,
46624152,DSeeLP,
47410251,ocfox,
47499684,uncenter,
48406064,mrtnvgr,
48635111,salva09,
48802534,schuelermine,
48872998,getchoo,
48931512,ImSapphire,
49511278,jaredmontoya,
49513131,LordGrimmauld,
49727155,katexochen,
49935860,henrirosten,
49961859,paveloom,
50000936,yzhou216,
50095635,JohnRTitor,
50398876,hsjobeki,
50515369,bartoostveen,
50517631,jadewilk,
50531499,delafthi,
50560955,ners,
50653293,mksafavi,
50787361,jackyliu16,
50824690,SandaruKasa,
51028009,john-rodewald,
51034487,nullcubee,
51440893,dtomvan,
52411861,DerDennisOP,
52529234,Adda0,
52773156,MiniHarinn,
52847440,r-burns,
52951851,BatteredBunny,
53050011,Sigmanificient,
53442728,paumr,
53710398,Icy-Thought,
54633007,nartsisss,
54669781,Misaka13514,
55066419,emilylange,
55629891,diniamo,
55986107,louis-thevenet,
56614642,Kranzes,
56650223,Artturin,
56937175,jackrosenberg,
57013304,kpbaks,
57222371,haenoe,
57285379,mio-19,
57304299,4evy,
58050402,ddogfoodd,
58092422,PatrickDaG,
58110325,msanft,
58223632,thegu5,
58295931,rollf,
59029586,vitorpavani,
59103226,zowoq,
59240843,mahyarmirrashed,
59917878,zzzsyyy,
60861925,ethancedwards8,
61147779,uku3lig,
61635709,nikstur,
61651268,e1mo,
62036464,Tert0,
62124625,michaelBelsanti,
62384384,TomaSajt,
62390580,andre4ik3,
62479942,Coca162,
62766066,NotAShelf,
62813600,Golbinex,
64259221,c6rg0,
64381190,imnotpoz,
64430288,t4ccer,
64613093,felixalbrigtsen,
64620440,RoGreat,
65275785,a-kenji,
65391343,luftmensch-luftmensch,
65808665,pokon548,
67135060,poweredbypie,
67164465,IogaMaster,
67574902,cidkidnix,
67663319,SchweGELBin,
67872951,ap-1,
67984144,geri1701,
68118654,PerchunPak,
68373395,Ambossmann,
68445574,water-sucks,
68489118,tomodachi94,
68606322,DarkOnion0,
68736947,lonerOrz,
68757440,Guanran928,
69208565,drawbu,
69713071,Moraxyc,
69802930,patka-123,
70191398,ryanccn,
71222764,isabelroses,
71843723,theobori,
72424138,lisanna-dettwyler,
72612857,musjj,
73002165,apfelkuchen6,
73298492,sund3RRR,
73709188,HigherOrderLogic,
73759599,yayayayaka,
73787402,Rishik-Y,
74066467,MisileLab,
74451279,Bot-wxt1221,
74491719,quantenzitrone,
74688871,Tochiaha,
74747193,proofconstruction,
74795488,cyclic-pentane,
74963545,osbm,
75130626,jian-lin,
75451918,faukah,
75480869,koibtw,
76160668,Malix-Labs,
76608828,HHR2020,
76747196,rorosen,
76763323,abysssol,
76773187,dstremur,
76840985,Guelakais,
77672306,fsagbuya,
78233879,whispersofthedawn,
78392041,winterqt,
78693624,llakala,
78790545,sempiternal-aurora,
78835633,iamanaws,
79252025,panicgh,
79673111,c4patino,
79978224,nekowinston,
80165193,Janik-Haag,
80521473,Cameo007,
81317317,auroraanna,
81376423,schembriaiden,
81826728,stepbrobd,
82603435,qjoly,
82712122,thtrf,
82953136,pennae,
83867734,D3vil0p3r,
83901271,eljamm,
84174227,genga898,
84267544,qbisi,
85372418,BirdeeHub,
86169957,yu-re-ka,
86965169,ProxyVT,
87016780,Hythera,
87388017,mibmo,
87855546,leana8959,
88247690,Gerg-L,
88615188,saadndm,
88671402,eveeifyeve,
88719017,Nivalux,
89321978,cafkafk,
90870942,trueNAHO,
92071952,jtbx,
92429150,pmeinhold,
93013864,nat-418,
93316844,mana-byte,
93990818,Madouura,
94849097,acid-bong,
96021122,zimward,
96225281,muscaln,
96353706,puiyq,
97130632,nyabinary,
97523625,kacperwyczawski,
97661005,nix-eval-jobs-bot,
98139059,redyf,
98173832,RatCornu,
98587286,chrjabs,
99674037,Emin017,
99703210,AxerTheAxe,
101289702,SkohTV,
104317939,algorithmiker,
104593071,osnyx,
104687438,langsjo,
104896700,benradf,
105428155,kilianar,
105509097,Marigold-infrabot,
106456302,onemoresuza,
106709944,uninsane,
108157737,Rhys-T,
108175486,honnip,
110117466,flandweber,
110892040,myypo,
111183546,GenericNerdyUsername,
111731519,WiredMic,
112060595,Sereja313,
112294217,meppu,
113244000,zi3m5f,
114373500,iWisp360,
114884788,philocalyst,
116548943,chillcicada,
118068228,kybe236,
120214979,aktaboot,
120342602,paepckehh,
124278440,merrkry,
125476238,thattemperature,
126119280,gaykitty,
126529524,acuteenvy,
129101708,MrSom3body,
129636582,Gliczy,
130508846,de11n,
131853076,gngram,
134703788,znaniye,
135046711,Daru-san,
137088692,tomasriveral,
139544537,transcaffeine,
143271270,DarshanCode2005,
145775305,xokdvium,
146041509,GraysonTinker,
146656568,qubitnano,
150560585,boltzmannrain,
150680976,arthsmn,
153149335,0xda157,
153822813,bstanderline,
155569880,RungChungo,
159054879,arminius-smh,
161540043,rc-zb,
164272208,infinixbot,
165534185,Holiu618,
170618376,paparodeo,
174749595,SigmaSquadron,
183738665,elfenermarcell,
184105270,KSJ2000,
193895068,yuyuyureka,
198001825,magicquark,
201552597,yvnth,
205353326,fk29g,
208860207,samueldr-at-cyberus,
215966693,botnk,
225436867,debtquity,
225773816,qzylinra,
228304369,kyehn,
231780064,notklea,
264581716,nick-linux8,
